method,policy,traffic_scenario,load_name,n_episodes,accepted_mean,accepted_std,blocking_rate_mean,blocking_rate_std,reward_per_request_mean,reward_per_request_std,energy_mean,fragmentation_mean,qot_mean,mean_latency_ms,p95_latency_ms,avg_topn_index,p95_topn_index
Calibrated DQN-Override baseline ranker,torch_dqn_candidate_ranker_distill_old10,uniform,low,5,642.4,5.366563145999495,0.14346666666666663,0.007155417527999321,0.7801750399219691,0.008701621818772856,616.9956776491712,0.2560953262481839,0.25807055933694323,2.8024399761110543,5.4152013547718525,2.184647820911528,8.4
Calibrated DQN-Override baseline ranker,torch_dqn_candidate_ranker_distill_old10,uniform,medium,5,573.2,6.058052492344384,0.2357333333333333,0.00807740332312582,0.6854674132758081,0.008029086827019988,581.5015569268965,0.31263050567046446,0.2613678497585747,2.4758720503499108,5.051240604370831,2.0082374261406635,7.6
Calibrated DQN-Override baseline ranker,torch_dqn_candidate_ranker_distill_old10,uniform,high,5,476.6,12.660963628413123,0.36453333333333326,0.01688128483788414,0.5462914666200478,0.01813947239004928,561.7290778025078,0.3379885769348342,0.2640113488790622,2.123453812797864,4.433888834901153,1.6997983583989709,7.6
Calibrated DQN-Override baseline ranker,torch_dqn_candidate_ranker_distill_old10,uniform,overload,5,417.2,23.220680437919988,0.4437333333333333,0.03096090725055998,0.4627254399612447,0.03427197047467104,537.2641860749434,0.342287333503985,0.27236378828167973,2.030781277144949,4.449602952226995,1.9113434806528518,8.4
Calibrated DQN-Override baseline ranker,torch_dqn_candidate_ranker_distill_old10,hotspot,low,5,638.0,12.328828005937952,0.14933333333333332,0.016438437341250587,0.7843092265874148,0.0176309756670701,568.5824951494394,0.2785434900404177,0.2658497380565391,2.8855056663354235,5.697501716203988,2.425079420782387,10.0
Calibrated DQN-Override baseline ranker,torch_dqn_candidate_ranker_distill_old10,hotspot,medium,5,569.6,22.412050330123748,0.24053333333333332,0.02988273377349832,0.6879806399418711,0.034063076746337316,542.5945818563465,0.3245656281716174,0.2702598095708153,2.515496796866258,5.154163413681088,2.217165270610205,9.0
Calibrated DQN-Override baseline ranker,torch_dqn_candidate_ranker_distill_old10,hotspot,high,5,492.4,8.294576541331088,0.3434666666666667,0.011059435388441455,0.5774607999619346,0.01369043066679794,529.9148679814301,0.34407406110426353,0.2693013197564628,2.263918628171086,4.980902108363806,2.180378251377326,9.4
Calibrated DQN-Override baseline ranker,torch_dqn_candidate_ranker_distill_old10,hotspot,overload,5,409.8,11.713240371477058,0.45359999999999995,0.01561765382863609,0.4586833599627912,0.01740533366918496,488.92061846084425,0.35511065268645775,0.28255750086321485,1.9638296979169052,4.140688925981522,1.7997456439178463,7.2
Calibrated DQN-Override baseline ranker,torch_dqn_candidate_ranker_distill_old10,nonuniform,low,5,596.6,14.536161804272817,0.2045333333333333,0.01938154907236373,0.7092933332613607,0.021763494157207356,657.68163373729,0.26773541682827917,0.2535990470442616,2.5403530926754074,5.082842134870588,1.908614851632897,7.4
Calibrated DQN-Override baseline ranker,torch_dqn_candidate_ranker_distill_old10,nonuniform,medium,5,519.6,12.798437404620925,0.30720000000000003,0.017064583206161242,0.6028041599416236,0.019603907111735375,613.6692596036571,0.30188359553056754,0.26612660093475415,2.2538452342152597,4.865164039656519,1.8764792809288722,7.6
Calibrated DQN-Override baseline ranker,torch_dqn_candidate_ranker_distill_old10,nonuniform,high,5,433.6,16.379865689315036,0.42186666666666667,0.0218398209190867,0.4812697066246569,0.023485755384023366,587.5084781738524,0.34349758108258777,0.2707555312413828,1.958262212326129,4.252634942531586,1.6613213920580656,6.8
Calibrated DQN-Override baseline ranker,torch_dqn_candidate_ranker_distill_old10,nonuniform,overload,5,351.8,7.293833011524187,0.5309333333333334,0.009725110682032254,0.36400954662969703,0.010801315498868692,559.9141396089344,0.30955574297916977,0.2681555212384062,1.7215445924550294,3.783577629365026,1.421048065199921,6.0
Calibrated DQN-Override baseline ranker,torch_dqn_candidate_ranker_distill_old10,bursty,low,5,623.0,11.445523142259598,0.1693333333333333,0.015260697523012791,0.7526075199215908,0.01629306756741213,610.7739425988377,0.23783952703749395,0.2570519824196662,2.754652205978831,5.408802614547311,2.161396748875013,8.0
Calibrated DQN-Override baseline ranker,torch_dqn_candidate_ranker_distill_old10,bursty,medium,5,561.2,23.252956801232827,0.2517333333333333,0.03100394240164379,0.6670855999423664,0.03502204947190486,589.4399634348235,0.2980343374231954,0.25562805918779075,2.4569306199749312,5.042643249034882,1.9867391425203706,7.6
Calibrated DQN-Override baseline ranker,torch_dqn_candidate_ranker_distill_old10,bursty,high,5,473.8,5.674504383644442,0.36826666666666663,0.007566005844859266,0.5422620266118645,0.0073677377703021095,565.2134251527293,0.314223799429052,0.2645704632932998,2.197123342007399,4.808870954439044,1.896403875929814,8.2
Calibrated DQN-Override baseline ranker,torch_dqn_candidate_ranker_distill_old10,bursty,overload,5,410.4,11.326958991715296,0.4528,0.015102611988953742,0.4518893866286874,0.01731262865004351,536.1050437316218,0.32222153713584956,0.2734164664470707,1.9698477995892365,4.129860112443566,1.6354777788895316,6.6
LightGBM-override ranker,lightgbm_candidate_ranker_old10,uniform,low,5,644.0,6.0,0.14133333333333328,0.007999999999999986,0.782008746590366,0.008864229909180862,617.6516367347127,0.2694390614248966,0.26152156582050085,2.5014768441518145,5.072262240573764,2.3763354780509065,8.6
LightGBM-override ranker,lightgbm_candidate_ranker_old10,uniform,medium,5,568.8,8.5848704125339,0.24159999999999995,0.011446493883378534,0.6780363732792933,0.01270484036926803,580.3731499842095,0.32155066795085324,0.26772272644220674,2.1757500020166236,4.664517953060566,2.1532213350530824,8.6
LightGBM-override ranker,lightgbm_candidate_ranker_old10,uniform,high,5,481.4,9.01665126307988,0.3581333333333333,0.012022201684106492,0.5523991999592085,0.013299976594356567,564.0100102479536,0.3466427553333764,0.26673403416775665,1.9065683770924806,4.000698719173668,1.7973670642983925,7.2
LightGBM-override ranker,lightgbm_candidate_ranker_old10,uniform,overload,5,421.4,24.673872821265817,0.4381333333333333,0.03289849709502107,0.4685524266289572,0.03637890835505641,536.1794658501824,0.3694853570844484,0.2730203158106258,1.8282833555092413,3.9320928184315553,1.9675060358358358,8.0
LightGBM-override ranker,lightgbm_candidate_ranker_old10,hotspot,low,5,631.0,9.924716620639604,0.15866666666666668,0.013232955494186129,0.7730199466052055,0.013653722103444114,571.8337687382138,0.3017456608907968,0.2696557678599632,2.52655130935212,5.328286509029566,2.562774714277313,9.8
LightGBM-override ranker,lightgbm_candidate_ranker_old10,hotspot,medium,5,569.2,21.347130954767668,0.24106666666666662,0.028462841273023554,0.6860756266111135,0.03298147819141745,548.2585362679515,0.34059965004511134,0.27447921878038467,2.2296113251398006,4.694488109089433,2.361297589393433,9.0
LightGBM-override ranker,lightgbm_candidate_ranker_old10,hotspot,high,5,491.4,4.219004621945797,0.34479999999999994,0.005625339495927726,0.5753713599558373,0.007656817933536351,529.2920032801612,0.37927418456884776,0.27113546707592645,2.0090553843726715,4.3852491350844485,2.116875330471919,8.6
LightGBM-override ranker,lightgbm_candidate_ranker_old10,hotspot,overload,5,408.6,14.328293687665674,0.45519999999999994,0.01910439158355422,0.4570850133034289,0.021463662090406115,487.8079572856923,0.37336111390116067,0.28287218918360896,1.794902466982603,3.764950917102395,1.9068070627955485,7.6
LightGBM-override ranker,lightgbm_candidate_ranker_old10,nonuniform,low,5,591.8,14.23727502017152,0.21093333333333328,0.01898303336022869,0.7016222932501037,0.021306863119989593,658.2255286215848,0.2810898268976062,0.2565210076277239,2.2493021681904795,4.732990702614186,2.124544125401483,8.0
LightGBM-override ranker,lightgbm_candidate_ranker_old10,nonuniform,medium,5,517.2,18.019433953373785,0.31039999999999995,0.024025911937831705,0.5986278399450283,0.026863976988282783,615.6157838589667,0.32415576741881963,0.2672123436445673,1.9777510619411864,4.30745688267052,1.961929284457792,7.8
LightGBM-override ranker,lightgbm_candidate_ranker_old10,nonuniform,high,5,427.6,20.305171754998774,0.4298666666666667,0.02707356233999836,0.4727403732932706,0.02874068495323906,583.124633451994,0.35414529246287174,0.2690627499153042,1.7651686316976942,3.87385903391987,1.7462009193762547,7.4
LightGBM-override ranker,lightgbm_candidate_ranker_old10,nonuniform,overload,5,359.2,10.756393447619887,0.5210666666666667,0.014341857930159855,0.3748788266322811,0.01575027311949553,558.8758468852654,0.3432776609328534,0.2687825254655062,1.606246375540892,3.4758654423058024,1.610239154737989,6.6
LightGBM-override ranker,lightgbm_candidate_ranker_old10,bursty,low,5,622.4,8.111719916269298,0.1701333333333333,0.010815626555025725,0.75107029325219,0.011678833538946987,612.6228061403508,0.24752594982126097,0.2601881094497608,2.473373333613078,4.98812275473028,2.3304884210526318,8.0
LightGBM-override ranker,lightgbm_candidate_ranker_old10,bursty,medium,5,552.0,25.39685019840059,0.26399999999999996,0.03386246693120079,0.6525915732792515,0.03780531171477536,588.0262259438915,0.3091473203273359,0.26513678213009345,2.1557585691412293,4.613143736496566,2.130882276692137,8.4
LightGBM-override ranker,lightgbm_candidate_ranker_old10,bursty,high,5,483.2,7.224956747275377,0.35573333333333335,0.009633275663033835,0.5558163199566801,0.010129446332999637,563.6659793740153,0.3521201445116343,0.264728055870448,1.9976446899274982,4.309716019779442,2.0755626112797656,8.8
LightGBM-override ranker,lightgbm_candidate_ranker_old10,bursty,overload,5,410.4,19.932385707686876,0.4528,0.02657651427691582,0.452185919965734,0.029884871048375988,533.2726124118283,0.36508177915931195,0.2734841955421431,1.784628129626314,3.7192575400695196,1.881980631052278,7.6
GNN-CNN Full DQN Ranker,gnn_cnn_dqn,uniform,low,5,640.6,11.970797801316333,0.14586666666666664,0.015961063735088477,0.7777869332391918,0.018127457219294745,617.020378090388,0.2668800828584475,0.25502444795354656,6.23918489937981,9.267938970588144,1.9788819402754814,7.8
GNN-CNN Full DQN Ranker,gnn_cnn_dqn,uniform,medium,5,577.6,6.024948132556827,0.2298666666666666,0.008033264176742442,0.6912916799347003,0.00871585666973355,583.5600465195014,0.30826936814389516,0.2584039189553197,5.506382426495353,8.937674150802192,1.7986630755476825,7.6
GNN-CNN Full DQN Ranker,gnn_cnn_dqn,uniform,high,5,478.0,9.617692030835672,0.36266666666666664,0.012823589374447547,0.5473710399464469,0.013111641210970417,568.6359017382761,0.3300805813057189,0.26304845171346003,4.602544468020399,8.188674086704848,1.5341620467390509,7.0
GNN-CNN Full DQN Ranker,gnn_cnn_dqn,uniform,overload,5,417.6,21.4546032356695,0.4431999999999999,0.028606137647559354,0.463569546627124,0.03157273317949914,533.3113016389182,0.331104233237469,0.268930678439249,4.207901772732536,8.224722910672426,1.625469346508354,6.8
GNN-CNN Full DQN Ranker,gnn_cnn_dqn,hotspot,low,5,633.6,3.2093613071762426,0.15519999999999995,0.0042791484095683315,0.7771410132459203,0.005253701537648093,572.1186292740069,0.28370757142811664,0.26648254370079855,6.158717592681448,9.55233118031174,2.284341915589061,9.0
GNN-CNN Full DQN Ranker,gnn_cnn_dqn,hotspot,medium,5,569.0,18.920887928424502,0.24133333333333332,0.02522785057123267,0.6868676266064544,0.029268073996066273,543.4851743334297,0.34129397880739665,0.27145226531195094,5.489245650420587,8.953212895430624,1.9721498856410655,8.6
GNN-CNN Full DQN Ranker,gnn_cnn_dqn,hotspot,high,5,481.4,13.501851724856113,0.3581333333333333,0.018002468966474824,0.5614869332831403,0.020023176592743355,526.5094470079708,0.34155141536409533,0.26701250894497164,4.718515519052744,8.550561605952677,1.7551626070779378,7.6
GNN-CNN Full DQN Ranker,gnn_cnn_dqn,hotspot,overload,5,415.2,25.163465580082566,0.4464,0.03355128744011009,0.4666491199578345,0.03717595583127579,492.18086849737966,0.3631536102839604,0.27460751338768424,4.165252988661329,7.953190486878157,1.5911896110004293,6.8
GNN-CNN Full DQN Ranker,gnn_cnn_dqn,nonuniform,low,5,595.4,9.813256340277675,0.20613333333333334,0.013084341787036909,0.7072054932346244,0.015668537374601662,659.5877790707775,0.26247912239284793,0.2521946268933749,5.621299683426817,8.844652599655092,1.692831492840768,6.6
GNN-CNN Full DQN Ranker,gnn_cnn_dqn,nonuniform,medium,5,506.8,16.23884232326923,0.32426666666666665,0.021651789764359015,0.5841297065991362,0.024663548956537037,615.9232691393091,0.30995009002369245,0.2629584421740762,4.821988429998358,8.490456007421017,1.6155770126730122,7.2
GNN-CNN Full DQN Ranker,gnn_cnn_dqn,nonuniform,high,5,423.0,19.44222209522358,0.43599999999999994,0.025922962793631443,0.4661706666154165,0.027339426740367403,583.0916571425529,0.3187576783395908,0.26964392633521383,4.172703123465181,8.157168761827052,1.5283677923433145,7.0
GNN-CNN Full DQN Ranker,gnn_cnn_dqn,nonuniform,overload,5,367.2,11.278297743897348,0.5104,0.015037730325196478,0.3862311999589304,0.016385692789861364,565.3718843896668,0.3239544695023668,0.2648821684162383,3.7069772941370807,7.614488941617308,1.3795592770711924,6.0
GNN-CNN Full DQN Ranker,gnn_cnn_dqn,bursty,low,5,621.0,12.98075498574717,0.172,0.017307673314329544,0.7496729599082866,0.018589949162217442,613.0176233317702,0.23877797091365421,0.25665974642869005,5.986453366527955,9.218210577964781,1.9369591698871538,7.4
GNN-CNN Full DQN Ranker,gnn_cnn_dqn,bursty,medium,5,554.4,18.849403173575553,0.2608,0.02513253756476741,0.6565514132663507,0.028010695755303933,589.769803834356,0.2942407256779275,0.25705035282257827,5.306294376651445,8.915637680329382,1.8780285569832267,8.0
GNN-CNN Full DQN Ranker,gnn_cnn_dqn,bursty,high,5,481.0,9.0,0.3586666666666666,0.011999999999999995,0.5527188266142706,0.012658113105314676,564.6762841047051,0.32652621466881687,0.26396721500188386,4.71614354501168,8.63268870394677,1.7092840207589688,7.2
GNN-CNN Full DQN Ranker,gnn_cnn_dqn,bursty,overload,5,412.8,8.927485648266257,0.44960000000000006,0.01190331419768835,0.4560651732903917,0.014029172259111763,532.9958257927025,0.3335420232070304,0.27022407202004406,4.132464939231674,7.924846354871988,1.4819063850950456,6.4
XLRON Counterfactual Ranker,top32_xlron_stabilized_ppo,uniform,low,5,646.4,7.092249290598858,0.1381333333333333,0.009456332387465115,0.7857231999094189,0.010190363474648257,618.8310860286125,0.2593824115210889,0.2568342437078872,5.917494492356977,8.937306432053447,1.9182050642295305,8.0
XLRON Counterfactual Ranker,top32_xlron_stabilized_ppo,uniform,medium,5,573.4,5.770615218501403,0.23546666666666657,0.007694153624668534,0.6853685865942936,0.008577126010883148,580.9748182634831,0.30955745784842176,0.2613250820093066,5.203378809615969,8.555502500385046,1.807502450842086,8.2
XLRON Counterfactual Ranker,top32_xlron_stabilized_ppo,uniform,high,5,474.4,13.501851724856113,0.3674666666666666,0.018002468966474824,0.5424240532805423,0.019668102593082232,564.8410618819405,0.3343791337790309,0.2648587366892988,4.396524463097254,7.87947507109493,1.5094067855589455,6.2
XLRON Counterfactual Ranker,top32_xlron_stabilized_ppo,uniform,overload,5,414.6,25.095816384409574,0.44719999999999993,0.033461088512546096,0.45906661329002174,0.03719974027766198,532.4678825052226,0.3351101904513948,0.2703171332307819,3.9992211016515897,7.796636740677057,1.591144793486547,7.0
XLRON Counterfactual Ranker,top32_xlron_stabilized_ppo,hotspot,low,5,631.0,6.782329983125268,0.15866666666666665,0.009043106644167038,0.7737493865864078,0.010136732351465628,568.7012003499634,0.30003031754981957,0.26850913189325915,5.804608503729105,9.157615094445646,2.22022777412846,9.0
XLRON Counterfactual Ranker,top32_xlron_stabilized_ppo,hotspot,medium,5,565.4,18.283872675120005,0.24613333333333332,0.02437849690016004,0.6820748799398044,0.028276112277406545,541.4884803598977,0.3356004837409356,0.27055467694936813,5.208469458917778,8.68885051459074,2.0457480032574806,8.2
XLRON Counterfactual Ranker,top32_xlron_stabilized_ppo,hotspot,high,5,485.2,7.694153624668537,0.3530666666666667,0.010258871499558049,0.5668917866208851,0.011423298319585109,525.6933191604297,0.34420243874633494,0.27107014333020774,4.5339265581220385,8.201800589449704,1.7708201290195518,7.6
XLRON Counterfactual Ranker,top32_xlron_stabilized_ppo,hotspot,overload,5,415.4,20.255863348670182,0.4461333333333333,0.02700781779822691,0.46687519996080795,0.030129956317441253,491.55587854155993,0.35618319332897636,0.27690801700043854,3.9797726329416028,7.646404886618257,1.5560810076010423,6.4
XLRON Counterfactual Ranker,top32_xlron_stabilized_ppo,nonuniform,low,5,589.2,17.852170736355845,0.21439999999999998,0.023802894315141127,0.698605333235701,0.026636925045967992,655.5453840927646,0.2733246850998472,0.2533103335320037,5.341114613165457,8.733543567359446,1.8314140657763054,7.8
XLRON Counterfactual Ranker,top32_xlron_stabilized_ppo,nonuniform,medium,5,510.8,14.342245291445828,0.3189333333333333,0.019122993721927762,0.5899542932660282,0.021383452492762946,617.1447609661252,0.31512942896987967,0.2635790320304095,4.658178002263109,8.317690375261005,1.7034402111854683,7.6
XLRON Counterfactual Ranker,top32_xlron_stabilized_ppo,nonuniform,high,5,434.0,14.696938456699069,0.4213333333333333,0.019595917942265412,0.481935733280609,0.02009566093323007,585.4854973454919,0.33903330667313936,0.26889098474903894,4.079937240108848,7.722239177674053,1.5044419493039467,6.0
XLRON Counterfactual Ranker,top32_xlron_stabilized_ppo,nonuniform,overload,5,362.4,13.575713609236164,0.5167999999999999,0.01810095147898157,0.3797540799632668,0.019397797825837077,558.593858190224,0.33560515304162475,0.2676105383695028,3.5308176750938096,7.439038455486296,1.418368879766462,6.0
XLRON Counterfactual Ranker,top32_xlron_stabilized_ppo,bursty,low,5,621.0,12.509996003196804,0.172,0.016679994670929087,0.7494181865715682,0.018324164677670517,612.6086756831414,0.241885042319316,0.25825528806214015,5.660901130984227,8.86901109945029,2.014458520642251,7.8
XLRON Counterfactual Ranker,top32_xlron_stabilized_ppo,bursty,medium,5,562.6,16.84636459299157,0.24986666666666663,0.022461819457322098,0.6686615465954839,0.025743043883100277,589.3878849391473,0.3017622774253387,0.2574270433196776,5.142513822515805,8.649852662347257,1.845045410431825,7.8
XLRON Counterfactual Ranker,top32_xlron_stabilized_ppo,bursty,high,5,476.8,9.5236547606473,0.3642666666666666,0.012698206347529746,0.5469616532859106,0.013070125416306552,562.7124995949868,0.32954652480796987,0.2633771828410025,4.4693692953636255,8.305112295784056,1.7543610193888035,7.8
XLRON Counterfactual Ranker,top32_xlron_stabilized_ppo,bursty,overload,5,403.8,13.442470011125188,0.46159999999999995,0.01792329334816694,0.44288575995853546,0.02046232193424808,531.1349809948291,0.33208878911753736,0.27013680256805894,3.887715084478259,7.611333592794836,1.4621848165625946,6.2
A3C Policy Distilled from Full DQN,gnn_cnn_a3c,uniform,low,5,644.0,8.514693182963201,0.1413333333333333,0.011352924243950948,0.78290394657892,0.012278301480371522,618.1275881764728,0.2658168178529661,0.24912511150633213,6.366556829214096,9.443514104932545,1.9370603584277668,7.4
A3C Policy Distilled from Full DQN,gnn_cnn_a3c,uniform,medium,5,572.2,4.54972526643093,0.23706666666666662,0.006066300355241237,0.6842062399397988,0.006372944618441886,580.6068323354717,0.31863305893154104,0.2543422645738692,5.647490670283636,9.200093112885952,1.6778738516559657,7.2
A3C Policy Distilled from Full DQN,gnn_cnn_a3c,uniform,high,5,472.0,9.797958971132712,0.3706666666666666,0.01306394529484362,0.5395680532872876,0.014421241813032738,563.0790407014853,0.3313432764180138,0.2585844794895882,4.737116740768154,8.436428052373227,1.4504687204427316,6.4
A3C Policy Distilled from Full DQN,gnn_cnn_a3c,uniform,overload,5,413.2,26.414011433328337,0.4490666666666666,0.035218681911104444,0.4570518932923277,0.03893905678820492,535.1007124448422,0.3517511326746082,0.2666510711897639,4.311915062740445,8.43981213867664,1.5694010877921873,6.8
A3C Policy Distilled from Full DQN,gnn_cnn_a3c,hotspot,low,5,630.4,7.6354436675284285,0.15946666666666667,0.010180591556704586,0.7736782932609518,0.010483365700884062,567.7737306213123,0.2938872409519808,0.26121870057323016,6.34154945400854,9.836134128272533,2.235914443032688,8.8
A3C Policy Distilled from Full DQN,gnn_cnn_a3c,hotspot,medium,5,564.0,14.370107863199914,0.24799999999999994,0.019160143817599864,0.6802725866088271,0.022353090128187113,543.7004199482816,0.3410352980953786,0.2641280294312982,5.646829139192899,9.3104335013777,2.0202195547812023,8.8
A3C Policy Distilled from Full DQN,gnn_cnn_a3c,hotspot,high,5,486.6,11.0589330407594,0.35119999999999996,0.014745244054345841,0.5692497066277861,0.017789039145933647,530.0014809256902,0.36040699406847887,0.26028907144930724,4.937760519608855,8.850608142092824,1.778635298558806,7.6
A3C Policy Distilled from Full DQN,gnn_cnn_a3c,hotspot,overload,5,408.2,19.524343778985248,0.4557333333333333,0.02603245837198031,0.4567545599678257,0.028897737231317857,489.068076811822,0.359551072531315,0.27520844306820835,4.2505088637272515,8.272159588523207,1.535871034921541,7.2
A3C Policy Distilled from Full DQN,gnn_cnn_a3c,nonuniform,low,5,593.2,16.739175606940744,0.20906666666666665,0.022318900809254298,0.7046765865751704,0.025002277455350556,660.1023777896853,0.2713273055998079,0.2451689837029783,5.786495243882139,9.047704627737403,1.6936711878426132,6.8
A3C Policy Distilled from Full DQN,gnn_cnn_a3c,nonuniform,medium,5,502.6,12.895735729302148,0.32986666666666664,0.017194314305736206,0.5784851199365556,0.018775135539553192,612.4474869408458,0.2990943701528829,0.26031289770737714,5.025950744623939,8.86442814953625,1.5096184874147025,6.6
A3C Policy Distilled from Full DQN,gnn_cnn_a3c,nonuniform,high,5,425.2,17.020575783445164,0.43306666666666666,0.02269410104459354,0.46966650661850967,0.023645916239779477,585.4179343000447,0.3390410926560321,0.26124224847198246,4.331223227207859,8.371119168587029,1.4731713684160275,6.4
A3C Policy Distilled from Full DQN,gnn_cnn_a3c,nonuniform,overload,5,360.4,7.987490219086343,0.5194666666666666,0.010649986958781804,0.37685199995751184,0.0114386608760015,557.8091626792368,0.31840523719864894,0.2649000485357188,3.782491433868805,7.871359437704086,1.2226380185882402,5.4
A3C Policy Distilled from Full DQN,gnn_cnn_a3c,bursty,low,5,623.6,10.89954127475097,0.1685333333333333,0.014532721699667963,0.7535443732371528,0.016109114236196032,613.6395031098557,0.23899266700025973,0.24965525504791644,6.182425953199466,9.341452280059455,1.8876523944113273,7.2
A3C Policy Distilled from Full DQN,gnn_cnn_a3c,bursty,medium,5,558.2,23.920702330826323,0.2557333333333333,0.03189426977443509,0.6626386132629016,0.03544484856164424,588.1915739714656,0.28680390948398704,0.25275524181352454,5.538312679777543,9.05194483231753,1.666579132090045,7.0
A3C Policy Distilled from Full DQN,gnn_cnn_a3c,bursty,high,5,483.0,5.873670062235365,0.356,0.007831560082980488,0.5553027199454705,0.008511468921502075,571.1692033347554,0.31188872132697126,0.2572313942048482,4.890070084234079,8.86313188355416,1.6305314129364874,7.4
A3C Policy Distilled from Full DQN,gnn_cnn_a3c,bursty,overload,5,407.6,23.43714999738663,0.45653333333333324,0.031249533329848873,0.4481301332867146,0.035090487149225996,536.7624332477033,0.332479826726373,0.2650402327479493,4.227969120318691,8.171651014126837,1.3988037397901376,6.0
Energy-Aware-KSP-BM-FF,energy-aware-ksp-bm-ff,uniform,low,5,636.8,4.494441010848846,0.1509333333333333,0.005992588014465155,0.774237013235559,0.006075714438779105,599.8446481499017,0.3454990687412132,0.25388228615456876,2.1485961149136226,4.508521002717314,3.0608004845988632,11.0
Energy-Aware-KSP-BM-FF,energy-aware-ksp-bm-ff,uniform,medium,5,568.8,6.1400325732035,0.24159999999999995,0.00818671009760468,0.6794319465950529,0.008164702454532168,571.2770162758803,0.3803463766753256,0.2580067293549638,1.9297379882385333,4.185841339640319,2.6092259460807794,9.6
Energy-Aware-KSP-BM-FF,energy-aware-ksp-bm-ff,uniform,high,5,474.6,10.691117808723275,0.3671999999999999,0.014254823744964368,0.543423999946316,0.016140248410656578,557.4001314909868,0.39708568951521844,0.2576501565498298,1.6775138976673287,3.5983816720545283,2.2330987393469846,8.2
Energy-Aware-KSP-BM-FF,energy-aware-ksp-bm-ff,uniform,overload,5,417.6,17.35799527595281,0.4431999999999999,0.0231439937012704,0.4638329599602321,0.025877091544438915,527.3972422750019,0.40631493561882487,0.2693851892851481,1.6284631947676342,3.4623789647594085,2.349136827192163,9.8
Energy-Aware-KSP-BM-FF,energy-aware-ksp-bm-ff,hotspot,low,5,623.8,5.449770637375485,0.16826666666666662,0.007266360849833992,0.7650264532340765,0.007361037177367766,553.448268141589,0.3718851783717067,0.26569789291020507,2.181573298200965,4.841888505034149,3.2987435362497437,12.0
Energy-Aware-KSP-BM-FF,energy-aware-ksp-bm-ff,hotspot,medium,5,552.0,16.06237840420901,0.26399999999999996,0.021416504538945343,0.6631546132641534,0.02510616865487435,532.3005623785193,0.3998731710844318,0.27009938875455913,1.946167473495007,4.428869779221713,2.892439032099895,11.0
Energy-Aware-KSP-BM-FF,energy-aware-ksp-bm-ff,hotspot,high,5,489.8,9.444575162494075,0.34693333333333337,0.01259276688332542,0.5743321599491338,0.014854982736394448,519.4938206426875,0.4194684602425137,0.26790989408578486,1.7784441400319337,3.9954671170562506,2.591641205084334,10.4
Energy-Aware-KSP-BM-FF,energy-aware-ksp-bm-ff,hotspot,overload,5,407.4,19.66723163030323,0.4568,0.026222975507071,0.4557248532989422,0.02933720818879054,488.7705150021783,0.42355295429221834,0.2726164802551486,1.613345357403159,3.415872366167604,2.1047771712926617,8.2
Energy-Aware-KSP-BM-FF,energy-aware-ksp-bm-ff,nonuniform,low,5,580.2,17.669182210843825,0.2264,0.023558909614458456,0.6863101332221826,0.026426842899656796,639.558336530143,0.34566659199784855,0.25836516437608104,1.9321388932565846,4.291055439971386,2.7756184514651787,10.0
Energy-Aware-KSP-BM-FF,energy-aware-ksp-bm-ff,nonuniform,medium,5,506.4,8.988882021697691,0.3248,0.01198517602893028,0.5840437332641284,0.013836610291880895,605.4288581315606,0.3547712841273337,0.26223785375061504,1.7300897513826687,4.0648000361397845,2.3680664686700466,9.2
Energy-Aware-KSP-BM-FF,energy-aware-ksp-bm-ff,nonuniform,high,5,428.4,11.610340218959994,0.42879999999999996,0.015480453625279974,0.4742542399492561,0.016180444636396462,576.5191343912813,0.39472409436790634,0.2671284145959084,1.5677218818416196,3.414861485362052,2.1774312706581718,8.6
Energy-Aware-KSP-BM-FF,energy-aware-ksp-bm-ff,nonuniform,overload,5,357.6,12.401612798341995,0.5231999999999999,0.016535483731122673,0.37243109329353763,0.01810742865259081,560.1201365932268,0.39132989245749394,0.26569075310578555,1.445353609447678,3.121450361795722,1.921603823396153,8.2
Energy-Aware-KSP-BM-FF,energy-aware-ksp-bm-ff,bursty,low,5,616.8,6.760177512462229,0.17759999999999998,0.009013570016616288,0.744942453225245,0.00948649010487438,597.3879331578676,0.32017968386108164,0.25754201727658393,2.121428310871124,4.4592762645334005,2.9674085165231228,10.6
Energy-Aware-KSP-BM-FF,energy-aware-ksp-bm-ff,bursty,medium,5,552.2,17.093858546273278,0.2637333333333333,0.022791811395031062,0.6538780799188315,0.02608583509740805,579.8798896020027,0.35476738672995084,0.2561904196041249,1.876241112003724,4.143633181229232,2.6040479114060084,9.6
Energy-Aware-KSP-BM-FF,energy-aware-ksp-bm-ff,bursty,high,5,476.0,12.549900398011133,0.36533333333333334,0.01673320053068154,0.5463760532765786,0.017937411004917827,556.9581543341719,0.38036065572084565,0.25890720978798415,1.7275953243176143,3.8908789167180644,2.306773753011119,9.0
Energy-Aware-KSP-BM-FF,energy-aware-ksp-bm-ff,bursty,overload,5,409.0,16.32482771731451,0.45466666666666666,0.02176643695641931,0.45068362662015354,0.025500033431391747,531.1027549322982,0.3939426610614768,0.2647215365533659,1.5875518266111612,3.345640320330857,2.0265071551552256,8.2
KSP-FF,ksp-ff,uniform,low,5,637.4,5.813776741499453,0.1501333333333333,0.007751702321999263,0.7747156265754402,0.008280453555998676,601.0037768069656,0.3433432060407381,0.2552730673073958,2.1623206712305545,4.609418176114557,3.013875455673076,10.8
KSP-FF,ksp-ff,uniform,medium,5,570.4,2.302172886644268,0.23946666666666663,0.003069563848859022,0.6815671999297936,0.003705609033137439,572.9631240823649,0.3779054173186558,0.2589311089811529,1.9138896046827238,4.2548572923988095,2.5145807658149275,8.8
KSP-FF,ksp-ff,uniform,high,5,475.4,9.581231653602787,0.3661333333333333,0.012774975538137046,0.5445450666122038,0.013850420445276566,556.889000745465,0.39704567317346284,0.26071271995137296,1.6840026095509528,3.4851373126730314,2.1765651951332217,8.6
KSP-FF,ksp-ff,uniform,overload,5,414.4,21.007141642784248,0.4474666666666667,0.028009522190378985,0.4591042132944166,0.0310523479626826,528.1218776099917,0.4007108541615893,0.26962522445260845,1.623777722318967,3.5146991023793794,2.3502581182779516,9.4
KSP-FF,ksp-ff,hotspot,low,5,622.0,1.224744871391589,0.17066666666666663,0.0016329931618554421,0.7626311999061505,0.00215741649991684,553.3956655765337,0.36434984864190595,0.2646147061450518,2.213070149719715,4.94545282330364,3.5000807642321687,12.6
KSP-FF,ksp-ff,hotspot,medium,5,559.0,16.355427233796124,0.25466666666666665,0.021807236311728165,0.6729610132672688,0.025251792372019,536.4047644561575,0.3969113373567215,0.27031083228644126,1.9404268508156144,4.3836918426677585,2.7747650700194746,10.6
KSP-FF,ksp-ff,hotspot,high,5,484.6,11.436782764396638,0.3538666666666666,0.015249043685862152,0.5669145066144765,0.01696104377387351,518.1794003757766,0.40977363253501525,0.2668249440509783,1.7563088746120534,3.8638078654184915,2.5288130479698077,10.6
KSP-FF,ksp-ff,hotspot,overload,5,404.0,15.620499351813308,0.4613333333333333,0.020827332469084418,0.4512243199600875,0.023438197860704474,482.62409705892924,0.41890493062309186,0.2722701863635368,1.5824371824661891,3.2905827602371565,2.182497629758602,8.2
KSP-FF,ksp-ff,nonuniform,low,5,576.2,16.46815108019112,0.23173333333333326,0.021957534773588156,0.6806147198976974,0.024681859400432257,640.3957546297872,0.33983667200736434,0.257600755762709,1.9612268251677354,4.3166923755779845,2.859540428161989,10.4
KSP-FF,ksp-ff,nonuniform,medium,5,500.0,13.564659966250536,0.3333333333333333,0.01808621328833405,0.5746965332569379,0.020454881755478643,603.754614810635,0.36049962784070916,0.26578458207495165,1.705701355263591,3.943580179475247,2.3374104287596764,9.0
KSP-FF,ksp-ff,nonuniform,high,5,423.0,9.974968671630002,0.43599999999999994,0.01329995822883999,0.4667850132856269,0.013843710741418304,574.0788586234802,0.3976918425054766,0.26688327930154554,1.5664409497131904,3.452744432725011,2.155181471550138,8.6
KSP-FF,ksp-ff,nonuniform,overload,5,354.2,7.596051605933177,0.5277333333333333,0.010128068807910917,0.367692053290834,0.011889259358873503,559.0226837067191,0.384356677244174,0.2651476497524456,1.4390067745000121,3.1106824707239853,1.9266782506924145,8.2
KSP-FF,ksp-ff,bursty,low,5,617.8,11.627553482998906,0.17626666666666663,0.01550340464399854,0.746145013226519,0.01650353336661288,600.3054518816313,0.3224380213459956,0.2556223932998346,2.10276989278694,4.584483709186314,3.056391231697074,10.8
KSP-FF,ksp-ff,bursty,medium,5,546.2,20.166804407243106,0.27173333333333327,0.026889072542990822,0.6456742399274209,0.030260440935016224,580.4870240883621,0.36522855287266137,0.25504288628115723,1.8781005443384249,4.233783939853311,2.587991312472159,9.2
KSP-FF,ksp-ff,bursty,high,5,481.4,5.770615218501403,0.3581333333333333,0.007694153624668545,0.5537295999397934,0.008557022848494689,562.3073972152599,0.3803422784745326,0.257968892563094,1.7585058043400448,4.030680377036332,2.460403034537886,9.6
KSP-FF,ksp-ff,bursty,overload,5,407.8,16.34625339336204,0.4562666666666666,0.021795004524482707,0.44840058662370835,0.02502209606425406,534.9275329130373,0.39626877272955635,0.26662996256411037,1.5750560342023772,3.30965963192284,2.039501230908157,8.2
KSP-BM-FF,ksp-bm-ff,uniform,low,5,637.4,5.813776741499453,0.1501333333333333,0.007751702321999263,0.7747156265754402,0.008280453555998676,601.0037768069656,0.3433432060407381,0.2552730673073958,2.158325139557322,4.58989907056093,3.013875455673076,10.8
KSP-BM-FF,ksp-bm-ff,uniform,medium,5,570.4,2.302172886644268,0.23946666666666663,0.003069563848859022,0.6815671999297936,0.003705609033137439,572.9631240823649,0.3779054173186558,0.2589311089811529,1.9123981799930334,4.245534976944326,2.5145807658149275,8.8
KSP-BM-FF,ksp-bm-ff,uniform,high,5,475.4,9.581231653602787,0.3661333333333333,0.012774975538137046,0.5445450666122038,0.013850420445276566,556.889000745465,0.39704567317346284,0.26071271995137296,1.6615806805590787,3.5015949979424468,2.1765651951332217,8.6
KSP-BM-FF,ksp-bm-ff,uniform,overload,5,414.4,21.007141642784248,0.4474666666666667,0.028009522190378985,0.4591042132944166,0.0310523479626826,528.1218776099917,0.4007108541615893,0.26962522445260845,1.6263247968008119,3.5369037091732003,2.3502581182779516,9.4
KSP-BM-FF,ksp-bm-ff,hotspot,low,5,622.0,1.224744871391589,0.17066666666666663,0.0016329931618554421,0.7626311999061505,0.00215741649991684,553.3956655765337,0.36434984864190595,0.2646147061450518,2.2150898379584154,4.9410505359992385,3.5000807642321687,12.6
KSP-BM-FF,ksp-bm-ff,hotspot,medium,5,559.0,16.355427233796124,0.25466666666666665,0.021807236311728165,0.6729610132672688,0.025251792372019,536.4047644561575,0.3969113373567215,0.27031083228644126,1.9610902215043704,4.37575465068221,2.7747650700194746,10.6
KSP-BM-FF,ksp-bm-ff,hotspot,high,5,484.6,11.436782764396638,0.3538666666666666,0.015249043685862152,0.5669145066144765,0.01696104377387351,518.1794003757766,0.40977363253501525,0.2668249440509783,1.7558423866828285,3.866618052124976,2.5288130479698077,10.6
KSP-BM-FF,ksp-bm-ff,hotspot,overload,5,404.0,15.620499351813308,0.4613333333333333,0.020827332469084418,0.4512243199600875,0.023438197860704474,482.62409705892924,0.41890493062309186,0.2722701863635368,1.5865053390463193,3.288313057273624,2.182497629758602,8.2
KSP-BM-FF,ksp-bm-ff,nonuniform,low,5,576.2,16.46815108019112,0.23173333333333326,0.021957534773588156,0.6806147198976974,0.024681859400432257,640.3957546297872,0.33983667200736434,0.257600755762709,1.9365932871898015,4.299738518893717,2.859540428161989,10.4
KSP-BM-FF,ksp-bm-ff,nonuniform,medium,5,500.0,13.564659966250536,0.3333333333333333,0.01808621328833405,0.5746965332569379,0.020454881755478643,603.754614810635,0.36049962784070916,0.26578458207495165,1.7000083230435847,3.9298802800476538,2.3374104287596764,9.0
KSP-BM-FF,ksp-bm-ff,nonuniform,high,5,423.0,9.974968671630002,0.43599999999999994,0.01329995822883999,0.4667850132856269,0.013843710741418304,574.0788586234802,0.3976918425054766,0.26688327930154554,1.566698638846477,3.440043427981435,2.155181471550138,8.6
KSP-BM-FF,ksp-bm-ff,nonuniform,overload,5,354.2,7.596051605933177,0.5277333333333333,0.010128068807910917,0.367692053290834,0.011889259358873503,559.0226837067191,0.384356677244174,0.2651476497524456,1.437969722226262,3.121681855991481,1.9266782506924145,8.2
KSP-BM-FF,ksp-bm-ff,bursty,low,5,617.8,11.627553482998906,0.17626666666666663,0.01550340464399854,0.746145013226519,0.01650353336661288,600.3054518816313,0.3224380213459956,0.2556223932998346,2.1049856163561347,4.592134989798067,3.056391231697074,10.8
KSP-BM-FF,ksp-bm-ff,bursty,medium,5,546.2,20.166804407243106,0.27173333333333327,0.026889072542990822,0.6456742399274209,0.030260440935016224,580.4870240883621,0.36522855287266137,0.25504288628115723,1.8730254971732698,4.22353185713291,2.587991312472159,9.2
KSP-BM-FF,ksp-bm-ff,bursty,high,5,481.4,5.770615218501403,0.3581333333333333,0.007694153624668545,0.5537295999397934,0.008557022848494689,562.3073972152599,0.3803422784745326,0.257968892563094,1.7797027617692946,4.026697934605179,2.460403034537886,9.6
KSP-BM-FF,ksp-bm-ff,bursty,overload,5,407.8,16.34625339336204,0.4562666666666666,0.021795004524482707,0.44840058662370835,0.02502209606425406,534.9275329130373,0.39626877272955635,0.26662996256411037,1.5718448693553606,3.3026437973603593,2.039501230908157,8.2
